{
  "train_loss": [
    0.11165544199979022,
    0.02547550440621784,
    0.012445344934738907,
    0.008529534578667067,
    0.0058906003569496705
  ],
  "final_metrics": {
    "mse": 3.160888525808464,
    "cos_sim": 0.9972725098978226,
    "sparsity": 1262.342248235351,
    "dead_ratio": 0.0
  }
}


