{
  "train_loss": [
    0.11393246382917507,
    0.047021682885023626,
    0.038576351054529154,
    0.03536773500318575,
    0.03377387960727262
  ],
  "final_metrics": {
    "mse": 36.834994317392066,
    "cos_sim": 0.9596960251807614,
    "sparsity": 501.740177718889,
    "dead_ratio": 0.0
  }
}